file,invoice,error
invoice_001.pdf,INV-5001,
invoice_002.pdf,INV-5002,
invoice_003.pdf,INV-5003,
invoice_004.pdf,INV-5004,amount_mismatch
invoice_005.pdf,INV-5005,amount_mismatch
invoice_006.pdf,INV-5006,
invoice_007.pdf,INV-5007,
invoice_008.pdf,INV-5008,
invoice_009.pdf,INV-5009,
invoice_010.pdf,INV-5010,
invoice_011.pdf,INV-5011,
invoice_012.pdf,INV-5012,
invoice_013.pdf,INV-5013,
invoice_014.pdf,INV-5014,
invoice_015.pdf,INV-5015,
invoice_016.pdf,INV-5016,
invoice_017.pdf,INV-5017,
invoice_018.pdf,INV-5018,unknown_po
invoice_019.pdf,INV-5019,
invoice_020.pdf,INV-5020,
invoice_021.pdf,INV-5021,
invoice_022.pdf,INV-5022,
invoice_023.pdf,INV-5023,
invoice_024.pdf,INV-5024,
invoice_025.pdf,INV-5025,missing_po
invoice_026.pdf,INV-5026,
invoice_027.pdf,INV-5027,
invoice_028.pdf,INV-5028,
invoice_029.pdf,INV-5029,
invoice_030.pdf,INV-5030,
invoice_031.pdf,INV-5031,
invoice_032.pdf,INV-5032,
invoice_033.pdf,INV-5033,
invoice_034.pdf,INV-5034,
invoice_035.pdf,INV-5035,
invoice_036.pdf,INV-5036,
invoice_037.pdf,INV-5037,
invoice_038.pdf,INV-5038,unknown_po
invoice_039.pdf,INV-5039,unknown_po
invoice_040.pdf,INV-5040,
invoice_041.pdf,INV-5041,
invoice_042.pdf,INV-5042,unknown_po
invoice_043.pdf,INV-5043,unknown_po
invoice_044.pdf,INV-5044,
invoice_045.pdf,INV-5045,
invoice_046.pdf,INV-5046,
invoice_047.pdf,INV-5047,
invoice_048.pdf,INV-5048,
invoice_049.pdf,INV-5049,
invoice_050.pdf,INV-5050,
invoice_051.pdf,INV-5051,
invoice_052.pdf,INV-5051,duplicate
invoice_053.pdf,INV-5053,
invoice_054.pdf,INV-5054,amount_mismatch
invoice_055.pdf,INV-5055,
invoice_056.pdf,INV-5056,
invoice_057.pdf,INV-5057,
invoice_058.pdf,INV-5058,
invoice_059.pdf,INV-5059,
invoice_060.pdf,INV-5060,
invoice_061.pdf,INV-5061,
invoice_062.pdf,INV-5062,amount_mismatch
invoice_063.pdf,INV-5063,
invoice_064.pdf,INV-5064,
invoice_065.pdf,INV-5065,
invoice_066.pdf,INV-5066,
invoice_067.pdf,INV-5067,
invoice_068.pdf,INV-5068,
invoice_069.pdf,INV-5069,
invoice_070.pdf,INV-5070,
invoice_071.pdf,INV-5071,
invoice_072.pdf,INV-5072,missing_po
invoice_073.pdf,INV-5073,
invoice_074.pdf,INV-5074,amount_mismatch
invoice_075.pdf,INV-5075,
invoice_076.pdf,INV-5076,
invoice_077.pdf,INV-5077,
invoice_078.pdf,INV-5078,unknown_po
invoice_079.pdf,INV-5079,
invoice_080.pdf,INV-5080,
invoice_081.pdf,INV-5081,
invoice_082.pdf,INV-5082,
invoice_083.pdf,INV-5083,
invoice_084.pdf,INV-5084,
invoice_085.pdf,INV-5085,
invoice_086.pdf,INV-5086,
invoice_087.pdf,INV-5087,
invoice_088.pdf,INV-5088,
invoice_089.pdf,INV-5089,
invoice_090.pdf,INV-5090,
invoice_091.pdf,INV-5091,
invoice_092.pdf,INV-5092,
invoice_093.pdf,INV-5093,
invoice_094.pdf,INV-5094,
invoice_095.pdf,INV-5095,
invoice_096.pdf,INV-5096,
invoice_097.pdf,INV-5097,
invoice_098.pdf,INV-5098,
invoice_099.pdf,INV-5099,
invoice_100.pdf,INV-5100,
invoice_101.pdf,INV-5101,
invoice_102.pdf,INV-5102,
invoice_103.pdf,INV-5103,
invoice_104.pdf,INV-5104,
invoice_105.pdf,INV-5105,missing_po
invoice_106.pdf,INV-5106,
invoice_107.pdf,INV-5107,amount_mismatch
invoice_108.pdf,INV-5108,
invoice_109.pdf,INV-5109,
invoice_110.pdf,INV-5110,missing_po
invoice_111.pdf,INV-5111,
invoice_112.pdf,INV-5112,
invoice_113.pdf,INV-5113,
invoice_114.pdf,INV-5114,
invoice_115.pdf,INV-5115,
invoice_116.pdf,INV-5116,
invoice_117.pdf,INV-5117,
invoice_118.pdf,INV-5118,
invoice_119.pdf,INV-5119,
invoice_120.pdf,INV-5120,
invoice_121.pdf,INV-5121,
invoice_122.pdf,INV-5122,
invoice_123.pdf,INV-5123,
invoice_124.pdf,INV-5124,
invoice_125.pdf,INV-5125,
invoice_126.pdf,INV-5126,
invoice_127.pdf,INV-5127,
invoice_128.pdf,INV-5128,
invoice_129.pdf,INV-5129,
invoice_130.pdf,INV-5130,
invoice_131.pdf,INV-5131,
invoice_132.pdf,INV-5132,
invoice_133.pdf,INV-5133,
invoice_134.pdf,INV-5134,missing_po
invoice_135.pdf,INV-5135,
invoice_136.pdf,INV-5136,
invoice_137.pdf,INV-5137,amount_mismatch
invoice_138.pdf,INV-5138,
invoice_139.pdf,INV-5139,
invoice_140.pdf,INV-5140,
invoice_141.pdf,INV-5141,
invoice_142.pdf,INV-5141,duplicate
invoice_143.pdf,INV-5143,
invoice_144.pdf,INV-5144,
invoice_145.pdf,INV-5145,
invoice_146.pdf,INV-5146,
invoice_147.pdf,INV-5147,
invoice_148.pdf,INV-5148,
invoice_149.pdf,INV-5149,
invoice_150.pdf,INV-5150,
invoice_151.pdf,INV-5151,
invoice_152.pdf,INV-5152,
invoice_153.pdf,INV-5153,
invoice_154.pdf,INV-5154,
invoice_155.pdf,INV-5155,
invoice_156.pdf,INV-5156,
invoice_157.pdf,INV-5157,
invoice_158.pdf,INV-5158,
invoice_159.pdf,INV-5159,
invoice_160.pdf,INV-5160,
invoice_161.pdf,INV-5161,
invoice_162.pdf,INV-5162,
invoice_163.pdf,INV-5162,duplicate
invoice_164.pdf,INV-5164,
invoice_165.pdf,INV-5165,
invoice_166.pdf,INV-5166,
invoice_167.pdf,INV-5167,
invoice_168.pdf,INV-5168,unknown_po
invoice_169.pdf,INV-5169,
invoice_170.pdf,INV-5170,
invoice_171.pdf,INV-5171,
invoice_172.pdf,INV-5172,
invoice_173.pdf,INV-5173,
invoice_174.pdf,INV-5174,
invoice_175.pdf,INV-5175,
invoice_176.pdf,INV-5176,
invoice_177.pdf,INV-5177,
invoice_178.pdf,INV-5178,
invoice_179.pdf,INV-5179,
invoice_180.pdf,INV-5180,
invoice_181.pdf,INV-5181,
invoice_182.pdf,INV-5182,amount_mismatch
invoice_183.pdf,INV-5183,
invoice_184.pdf,INV-5184,
invoice_185.pdf,INV-5185,
invoice_186.pdf,INV-5186,unknown_po
invoice_187.pdf,INV-5187,
invoice_188.pdf,INV-5188,
invoice_189.pdf,INV-5189,
invoice_190.pdf,INV-5190,
invoice_191.pdf,INV-5191,
invoice_192.pdf,INV-5192,unknown_po
invoice_193.pdf,INV-5193,
invoice_194.pdf,INV-5194,
invoice_195.pdf,INV-5195,
invoice_196.pdf,INV-5196,
invoice_197.pdf,INV-5197,
invoice_198.pdf,INV-5197,duplicate
invoice_199.pdf,INV-5199,
invoice_200.pdf,INV-5200,
