po_number,vendor,amount
PO-10001,Goodwin-Johnson,5826.96
PO-10002,Martin LLC,420.09
PO-10003,Haas Inc,2620.26
PO-10004,Brown LLC,2164.25
PO-10005,Marshall-Ramirez,6680.95
PO-10006,Baker-Stevens,6154.96
PO-10007,"Ward, Barnes and Smith",8051.18
PO-10008,"Jones, Strickland and Martin",965.06
PO-10009,"Gardner, Edwards and Davies",3912.91
PO-10010,Sweeney-Rogers,462.22
PO-10011,Reed Ltd,2124.01
PO-10012,Mccarty-Leonard,4647.13
PO-10013,Garza-Jackson,433.52
PO-10014,Lloyd-Smith,1949.77
PO-10015,Jones PLC,5918.98
PO-10016,Hall-Williams,4995.49
PO-10017,Day-Smith,2139.88
PO-10018,Warren Group,5385.54
PO-10019,"Goodman, Hogan and Maldonado",7322.99
PO-10020,Richards LLC,257.19
PO-10021,Thompson LLC,7291.21
PO-10022,White Ltd,6343.63
PO-10023,Spencer-Williams,3194.2
PO-10024,Sanders-Cole,1568.22
PO-10025,Carter-Perry,8623.48
PO-10026,Gutierrez Group,3162.03
PO-10027,Ramsey Ltd,1016.16
PO-10028,Nichols Ltd,1051.1
PO-10029,Wood-Lang,7657.95
PO-10030,"Valencia, Sullivan and Cortez",5512.79
PO-10031,Whitehead LLC,7302.73
PO-10032,Morales and Sons,6621.64
PO-10033,Hamilton Inc,4918.81
PO-10034,Sims LLC,8763.42
PO-10035,Bennett and Sons,3531.1
PO-10036,Blair-Lopez,5057.96
PO-10037,Soto-Maxwell,7498.76
PO-10038,Hall-Fernandez,5642.97
PO-10039,Stewart LLC,7783.02
PO-10040,"Sanchez, Patterson and Glenn",5280.7
PO-10041,"Roberts, Schultz and Shaw",6400.23
PO-10042,Harris-Pham,603.25
PO-10043,Cardenas-Rivera,2205.5
PO-10044,Smith-Simmons,2746.61
PO-10045,"Perry, Christian and Harris",902.17
PO-10046,Kerr Inc,2248.56
PO-10047,Aguirre-Sandoval,1088.81
PO-10048,Lopez-Burke,2646.17
PO-10049,Serrano-Brown,5794.02
PO-10050,"Wilson, Roberts and Rodriguez",3410.52
PO-10051,"Gray, Walker and Mcgee",3457.59
PO-10052,Doyle-Cox,2043.66
PO-10053,Galloway Inc,2549.4
PO-10054,Young-Johnson,8442.56
PO-10055,Alvarado-Donovan,5902.71
PO-10056,Norman Group,5560.35
PO-10057,Carter Group,1706.02
PO-10058,Wilson and Sons,6616.32
PO-10059,"Pena, Hutchinson and Gibson",1637.94
PO-10060,Frazier-Jones,3539.21
PO-10061,Cuevas Inc,8907.81
PO-10062,"Lane, Reynolds and Bradley",5832.0
PO-10063,"Orozco, Brown and Owens",5101.16
PO-10064,Farrell Group,6224.61
PO-10065,Miller-Campbell,7617.1
PO-10066,Bass-Ward,7028.8
PO-10067,Johnson and Sons,2215.62
PO-10068,"Rivas, Perez and Reyes",482.48
PO-10069,"Evans, Berry and Rodriguez",2975.99
PO-10070,Christensen-Smith,2556.12
PO-10071,Johnson-Thomas,2056.65
PO-10072,Garcia PLC,8497.61
PO-10073,"Parks, Mendoza and Luna",7912.04
PO-10074,"Lopez, Williams and Durham",2969.17
PO-10075,Sanchez-Baker,5967.86
PO-10076,Patel PLC,3681.56
PO-10077,Gonzalez PLC,8248.02
PO-10078,"Deleon, Mejia and Martin",4237.9
PO-10079,"Perry, Gray and Lopez",2530.95
PO-10080,Dudley LLC,2370.32
PO-10081,Lee PLC,5140.04
PO-10082,"Wright, Martin and Hernandez",2512.13
PO-10083,Hernandez-Lowe,5344.36
PO-10084,Pierce-Davenport,8100.84
PO-10085,Pena-Leonard,3714.72
PO-10086,Richmond Inc,2130.02
PO-10087,"Holt, Barry and Mccullough",8978.33
PO-10088,Henderson and Sons,4683.83
PO-10089,"Nelson, Mills and Lee",1000.0
PO-10090,"Rodriguez, Miller and Martinez",614.62
PO-10091,"Chen, Wagner and Weaver",1164.91
PO-10092,Gibson-Hunter,5721.53
PO-10093,Robinson-Duncan,7170.3
PO-10094,Nguyen-Thomas,3915.01
PO-10095,Daniels-Craig,759.04
PO-10096,Richardson-Norris,3558.25
PO-10097,"Lopez, Maldonado and Olson",8965.87
PO-10098,"Nelson, Cook and Berry",4856.21
PO-10099,Velasquez-Banks,8745.49
PO-10100,"Hines, Watkins and Taylor",7774.86
PO-10101,Ramirez-Gilmore,301.03
PO-10102,"Cook, Walsh and Johnson",6542.35
PO-10103,"Fisher, Everett and Schmidt",6199.05
PO-10104,Keller-Mcbride,4925.34
PO-10105,Bridges Group,2548.06
PO-10106,Murphy LLC,5840.46
PO-10107,Stevens LLC,1181.66
PO-10108,"Stephenson, Townsend and Thornton",4025.93
PO-10109,"Coleman, Reed and Cain",4192.77
PO-10110,Dominguez-Walters,8593.58
PO-10111,"Payne, Whitaker and Clay",7907.51
PO-10112,Warren and Sons,2517.82
PO-10113,Clayton and Sons,4605.16
PO-10114,"Price, Bowers and Hughes",1772.14
PO-10115,Sutton Inc,8231.12
PO-10116,White-Crosby,7860.56
PO-10117,"Bennett, Lucas and Gonzalez",2826.31
PO-10118,Williams PLC,5822.76
PO-10119,Harris and Sons,5558.94
PO-10120,"Rodriguez, Scott and Carroll",1544.99
PO-10121,"Smith, Hernandez and Mccormick",6910.1
PO-10122,Parker PLC,4946.54
PO-10123,Daniels-Vance,7051.91
PO-10124,Sheppard-Reed,4867.11
PO-10125,"Martin, Williams and Guerrero",205.03
PO-10126,Scott-Mclean,3052.57
PO-10127,Lopez Inc,371.4
PO-10128,"Moss, Jones and Chavez",8376.07
PO-10129,Jacobson-Irwin,7932.75
PO-10130,Yu-Smith,7518.66
PO-10131,Myers LLC,2906.12
PO-10132,Olsen-Petty,709.74
PO-10133,"Caldwell, Whitaker and Alvarez",7926.48
PO-10134,Keith PLC,8533.16
PO-10135,Cruz Group,953.75
PO-10136,"Cain, Mullins and Sutton",4476.72
PO-10137,Clark and Sons,809.07
PO-10138,Hall-Morris,6893.3
PO-10139,Brewer Ltd,6939.34
PO-10140,Rhodes-Cortez,1329.84
PO-10141,Kelley Ltd,4382.48
PO-10142,"Levine, Dunn and Nelson",5038.27
PO-10143,Mccormick-Doyle,2532.5
PO-10144,Henry-Douglas,7877.41
PO-10145,Wong and Sons,3923.61
PO-10146,"Rios, Santiago and Stanley",2063.82
PO-10147,"Parrish, Lamb and Martin",4945.81
PO-10148,Powell-Garcia,6623.39
PO-10149,Ball-Turner,1970.13
PO-10150,Burch PLC,2943.1
