file,invoice,reason

invoice_004.pdf,INV-5004,amount_mismatch
invoice_005.pdf,INV-5005,amount_mismatch
invoice_018.pdf,INV-5018,unknown_po
invoice_025.pdf,INV-5025,missing_po
invoice_038.pdf,INV-5038,unknown_po
invoice_039.pdf,INV-5039,unknown_po
invoice_042.pdf,INV-5042,unknown_po
invoice_043.pdf,INV-5043,unknown_po
invoice_052.pdf,INV-5051,duplicate
invoice_054.pdf,INV-5054,amount_mismatch
invoice_062.pdf,INV-5062,amount_mismatch
invoice_072.pdf,INV-5072,missing_po
invoice_074.pdf,INV-5074,amount_mismatch
invoice_078.pdf,INV-5078,unknown_po
invoice_105.pdf,INV-5105,missing_po
invoice_107.pdf,INV-5107,amount_mismatch
invoice_110.pdf,INV-5110,missing_po
invoice_134.pdf,INV-5134,missing_po
invoice_137.pdf,INV-5137,amount_mismatch
invoice_142.pdf,INV-5141,duplicate
invoice_163.pdf,INV-5162,duplicate
invoice_168.pdf,INV-5168,unknown_po
invoice_182.pdf,INV-5182,amount_mismatch
invoice_186.pdf,INV-5186,unknown_po
invoice_192.pdf,INV-5192,unknown_po
invoice_198.pdf,INV-5197,duplicate