invoice,po_number,total

INV-5001,PO-10096,3558.25
INV-5002,PO-10133,7926.48
INV-5003,PO-10064,6224.61
INV-5006,PO-10016,4995.49
INV-5007,PO-10009,3912.91
INV-5008,PO-10019,7322.99
INV-5009,PO-10072,8497.61
INV-5010,PO-10055,5902.71
INV-5011,PO-10147,4945.81
INV-5012,PO-10063,5101.16
INV-5013,PO-10105,2548.06
INV-5014,PO-10025,8623.48
INV-5015,PO-10091,1164.91
INV-5016,PO-10120,1544.99
INV-5017,PO-10014,1949.77
INV-5019,PO-10087,8978.33
INV-5020,PO-10028,1051.10
INV-5021,PO-10049,5794.02
INV-5022,PO-10036,5057.96
INV-5023,PO-10072,8497.61
INV-5024,PO-10020,257.19
INV-5026,PO-10139,6939.34
INV-5027,PO-10024,1568.22
INV-5028,PO-10061,8907.81
INV-5029,PO-10125,205.03
INV-5030,PO-10103,6199.05
INV-5031,PO-10043,2205.50
INV-5032,PO-10100,7774.86
INV-5033,PO-10117,2826.31
INV-5034,PO-10143,2532.50
INV-5035,PO-10125,205.03
INV-5036,PO-10076,3681.56
INV-5037,PO-10015,5918.98
INV-5040,PO-10150,2943.10
INV-5041,PO-10136,4476.72
INV-5044,PO-10018,5385.54
INV-5045,PO-10061,8907.81
INV-5046,PO-10146,2063.82
INV-5047,PO-10011,2124.01
INV-5048,PO-10108,4025.93
INV-5049,PO-10145,3923.61
INV-5050,PO-10067,2215.62
INV-5051,PO-10081,5140.04
INV-5053,PO-10077,8248.02
INV-5055,PO-10145,3923.61
INV-5056,PO-10019,7322.99
INV-5057,PO-10130,7518.66
INV-5058,PO-10090,614.62
INV-5059,PO-10063,5101.16
INV-5060,PO-10041,6400.23
INV-5061,PO-10140,1329.84
INV-5063,PO-10077,8248.02
INV-5064,PO-10027,1016.16
INV-5065,PO-10035,3531.10
INV-5066,PO-10028,1051.10
INV-5067,PO-10040,5280.70
INV-5068,PO-10054,8442.56
INV-5069,PO-10053,2549.40
INV-5070,PO-10068,482.48
INV-5071,PO-10065,7617.10
INV-5073,PO-10109,4192.77
INV-5075,PO-10068,482.48
INV-5076,PO-10114,1772.14
INV-5077,PO-10110,8593.58
INV-5079,PO-10039,7783.02
INV-5080,PO-10095,759.04
INV-5081,PO-10038,5642.97
INV-5082,PO-10011,2124.01
INV-5083,PO-10011,2124.01
INV-5084,PO-10054,8442.56
INV-5085,PO-10027,1016.16
INV-5086,PO-10144,7877.41
INV-5087,PO-10105,2548.06
INV-5088,PO-10040,5280.70
INV-5089,PO-10061,8907.81
INV-5090,PO-10046,2248.56
INV-5091,PO-10007,8051.18
INV-5092,PO-10086,2130.02
INV-5093,PO-10106,5840.46
INV-5094,PO-10064,6224.61
INV-5095,PO-10028,1051.10
INV-5096,PO-10010,462.22
INV-5097,PO-10057,1706.02
INV-5098,PO-10118,5822.76
INV-5099,PO-10059,1637.94
INV-5100,PO-10050,3410.52
INV-5101,PO-10072,8497.61
INV-5102,PO-10072,8497.61
INV-5103,PO-10131,2906.12
INV-5104,PO-10138,6893.30
INV-5106,PO-10067,2215.62
INV-5108,PO-10089,1000.00
INV-5109,PO-10081,5140.04
INV-5111,PO-10148,6623.39
INV-5112,PO-10012,4647.13
INV-5113,PO-10001,5826.96
INV-5114,PO-10138,6893.30
INV-5115,PO-10051,3457.59
INV-5116,PO-10018,5385.54
INV-5117,PO-10085,3714.72
INV-5118,PO-10032,6621.64
INV-5119,PO-10077,8248.02
INV-5120,PO-10105,2548.06
INV-5121,PO-10076,3681.56
INV-5122,PO-10050,3410.52
INV-5123,PO-10098,4856.21
INV-5124,PO-10045,902.17
INV-5125,PO-10078,4237.90
INV-5126,PO-10001,5826.96
INV-5127,PO-10054,8442.56
INV-5128,PO-10149,1970.13
INV-5129,PO-10083,5344.36
INV-5130,PO-10114,1772.14
INV-5131,PO-10131,2906.12
INV-5132,PO-10044,2746.61
INV-5133,PO-10073,7912.04
INV-5135,PO-10061,8907.81
INV-5136,PO-10058,6616.32
INV-5138,PO-10122,4946.54
INV-5139,PO-10019,7322.99
INV-5140,PO-10148,6623.39
INV-5141,PO-10099,8745.49
INV-5143,PO-10002,420.09
INV-5144,PO-10028,1051.10
INV-5145,PO-10057,1706.02
INV-5146,PO-10133,7926.48
INV-5147,PO-10143,2532.50
INV-5148,PO-10032,6621.64
INV-5149,PO-10119,5558.94
INV-5150,PO-10144,7877.41
INV-5151,PO-10114,1772.14
INV-5152,PO-10130,7518.66
INV-5153,PO-10141,4382.48
INV-5154,PO-10041,6400.23
INV-5155,PO-10122,4946.54
INV-5156,PO-10064,6224.61
INV-5157,PO-10071,2056.65
INV-5158,PO-10134,8533.16
INV-5159,PO-10062,5832.00
INV-5160,PO-10020,257.19
INV-5161,PO-10061,8907.81
INV-5162,PO-10082,2512.13
INV-5164,PO-10060,3539.21
INV-5165,PO-10040,5280.70
INV-5166,PO-10017,2139.88
INV-5167,PO-10085,3714.72
INV-5169,PO-10108,4025.93
INV-5170,PO-10150,2943.10
INV-5171,PO-10006,6154.96
INV-5172,PO-10148,6623.39
INV-5173,PO-10002,420.09
INV-5174,PO-10077,8248.02
INV-5175,PO-10108,4025.93
INV-5176,PO-10140,1329.84
INV-5177,PO-10057,1706.02
INV-5178,PO-10070,2556.12
INV-5179,PO-10008,965.06
INV-5180,PO-10104,4925.34
INV-5181,PO-10120,1544.99
INV-5183,PO-10145,3923.61
INV-5184,PO-10022,6343.63
INV-5185,PO-10035,3531.10
INV-5187,PO-10098,4856.21
INV-5188,PO-10117,2826.31
INV-5189,PO-10098,4856.21
INV-5190,PO-10108,4025.93
INV-5191,PO-10021,7291.21
INV-5193,PO-10090,614.62
INV-5194,PO-10018,5385.54
INV-5195,PO-10011,2124.01
INV-5196,PO-10064,6224.61
INV-5197,PO-10006,6154.96
INV-5199,PO-10030,5512.79
INV-5200,PO-10056,5560.35